"","geoid","region_type","region_name","year","measure","value","measure_type"
"1",51153901701,"tract","Census Tract 9017.01, Prince William County, Virginia",2019,"perc_have_internet_access",87.3567759778743,"percent"
"2",51059450702,"tract","Census Tract 4507.02, Fairfax County, Virginia",2019,"perc_have_internet_access",87.6204595997035,"percent"
"3",51510201900,"tract","Census Tract 2019, Alexandria city, Virginia",2019,"perc_have_internet_access",97.2602739726027,"percent"
"4",51059422302,"tract","Census Tract 4223.02, Fairfax County, Virginia",2019,"perc_have_internet_access",96.9348659003831,"percent"
"5",51510200105,"tract","Census Tract 2001.05, Alexandria city, Virginia",2019,"perc_have_internet_access",77.710843373494,"percent"
"6",51059480505,"tract","Census Tract 4805.05, Fairfax County, Virginia",2019,"perc_have_internet_access",100,"percent"
"7",51013100700,"tract","Census Tract 1007, Arlington County, Virginia",2019,"perc_have_internet_access",93.0037704231253,"percent"
"8",51153901602,"tract","Census Tract 9016.02, Prince William County, Virginia",2019,"perc_have_internet_access",95.4423592493298,"percent"
"9",51107610300,"tract","Census Tract 6103, Loudoun County, Virginia",2019,"perc_have_internet_access",95.5447728275254,"percent"
"10",51107610900,"tract","Census Tract 6109, Loudoun County, Virginia",2019,"perc_have_internet_access",85.2026390197926,"percent"
"11",51059460200,"tract","Census Tract 4602, Fairfax County, Virginia",2019,"perc_have_internet_access",100,"percent"
"12",51153901203,"tract","Census Tract 9012.03, Prince William County, Virginia",2019,"perc_have_internet_access",95.9183673469388,"percent"
"13",51013100400,"tract","Census Tract 1004, Arlington County, Virginia",2019,"perc_have_internet_access",97.0457902511078,"percent"
"14",51013100300,"tract","Census Tract 1003, Arlington County, Virginia",2019,"perc_have_internet_access",97.1702637889688,"percent"
"15",51153901009,"tract","Census Tract 9010.09, Prince William County, Virginia",2019,"perc_have_internet_access",97.3997355663288,"percent"
"16",51685920100,"tract","Census Tract 9201, Manassas Park city, Virginia",2019,"perc_have_internet_access",93.3712121212121,"percent"
"17",51059470700,"tract","Census Tract 4707, Fairfax County, Virginia",2019,"perc_have_internet_access",96.4611872146119,"percent"
"18",51600300100,"tract","Census Tract 3001, Fairfax city, Virginia",2019,"perc_have_internet_access",97.265221878225,"percent"
"19",51059421702,"tract","Census Tract 4217.02, Fairfax County, Virginia",2019,"perc_have_internet_access",91.7224080267559,"percent"
"20",51013101100,"tract","Census Tract 1011, Arlington County, Virginia",2019,"perc_have_internet_access",97.9735682819383,"percent"
"21",51059482302,"tract","Census Tract 4823.02, Fairfax County, Virginia",2019,"perc_have_internet_access",95.3488372093023,"percent"
"22",51013102701,"tract","Census Tract 1027.01, Arlington County, Virginia",2019,"perc_have_internet_access",75.7575757575758,"percent"
"23",51107611019,"tract","Census Tract 6110.19, Loudoun County, Virginia",2019,"perc_have_internet_access",99.2183137911781,"percent"
"24",51107611206,"tract","Census Tract 6112.06, Loudoun County, Virginia",2019,"perc_have_internet_access",97.8859705317104,"percent"
"25",51153900802,"tract","Census Tract 9008.02, Prince William County, Virginia",2019,"perc_have_internet_access",96.849656893325,"percent"
"26",51107611011,"tract","Census Tract 6110.11, Loudoun County, Virginia",2019,"perc_have_internet_access",96.2008141112619,"percent"
"27",51059451601,"tract","Census Tract 4516.01, Fairfax County, Virginia",2019,"perc_have_internet_access",69.355888093689,"percent"
"28",51059491103,"tract","Census Tract 4911.03, Fairfax County, Virginia",2019,"perc_have_internet_access",94.853683148335,"percent"
"29",51153901407,"tract","Census Tract 9014.07, Prince William County, Virginia",2019,"perc_have_internet_access",96.2857142857143,"percent"
"30",51059491702,"tract","Census Tract 4917.02, Fairfax County, Virginia",2019,"perc_have_internet_access",96.3612305656632,"percent"
"31",51059480300,"tract","Census Tract 4803, Fairfax County, Virginia",2019,"perc_have_internet_access",99.070796460177,"percent"
"32",51107611208,"tract","Census Tract 6112.08, Loudoun County, Virginia",2019,"perc_have_internet_access",100,"percent"
"33",51059420201,"tract","Census Tract 4202.01, Fairfax County, Virginia",2019,"perc_have_internet_access",99.2044550517104,"percent"
"34",51013101401,"tract","Census Tract 1014.01, Arlington County, Virginia",2019,"perc_have_internet_access",97.741530740276,"percent"
"35",51059421600,"tract","Census Tract 4216, Fairfax County, Virginia",2019,"perc_have_internet_access",81.427304964539,"percent"
"36",51059492201,"tract","Census Tract 4922.01, Fairfax County, Virginia",2019,"perc_have_internet_access",98.0256663376111,"percent"
"37",51059482301,"tract","Census Tract 4823.01, Fairfax County, Virginia",2019,"perc_have_internet_access",97.774810858923,"percent"
"38",51107610604,"tract","Census Tract 6106.04, Loudoun County, Virginia",2019,"perc_have_internet_access",99.1221653255304,"percent"
"39",51059452302,"tract","Census Tract 4523.02, Fairfax County, Virginia",2019,"perc_have_internet_access",86.9428750784683,"percent"
"40",51059492000,"tract","Census Tract 4920, Fairfax County, Virginia",2019,"perc_have_internet_access",98.079561042524,"percent"
"41",51153901305,"tract","Census Tract 9013.05, Prince William County, Virginia",2019,"perc_have_internet_access",96.7836257309941,"percent"
"42",51153901232,"tract","Census Tract 9012.32, Prince William County, Virginia",2019,"perc_have_internet_access",99.265306122449,"percent"
"43",51059421500,"tract","Census Tract 4215, Fairfax County, Virginia",2019,"perc_have_internet_access",91.9124218051832,"percent"
"44",51013100200,"tract","Census Tract 1002, Arlington County, Virginia",2019,"perc_have_internet_access",96.1079168509509,"percent"
"45",51059480504,"tract","Census Tract 4805.04, Fairfax County, Virginia",2019,"perc_have_internet_access",97.2361809045226,"percent"
"46",51059440201,"tract","Census Tract 4402.01, Fairfax County, Virginia",2019,"perc_have_internet_access",99.0400903444382,"percent"
"47",51059470800,"tract","Census Tract 4708, Fairfax County, Virginia",2019,"perc_have_internet_access",98.5888993414864,"percent"
"48",51013101300,"tract","Census Tract 1013, Arlington County, Virginia",2019,"perc_have_internet_access",94.4444444444444,"percent"
"49",51153900801,"tract","Census Tract 9008.01, Prince William County, Virginia",2019,"perc_have_internet_access",98.8899613899614,"percent"
"50",51107611300,"tract","Census Tract 6113, Loudoun County, Virginia",2019,"perc_have_internet_access",94.3911792905081,"percent"
"51",51059491301,"tract","Census Tract 4913.01, Fairfax County, Virginia",2019,"perc_have_internet_access",95.4898157129001,"percent"
"52",51059451000,"tract","Census Tract 4510, Fairfax County, Virginia",2019,"perc_have_internet_access",95.1990632318501,"percent"
"53",51059461602,"tract","Census Tract 4616.02, Fairfax County, Virginia",2019,"perc_have_internet_access",100,"percent"
"54",51059471301,"tract","Census Tract 4713.01, Fairfax County, Virginia",2019,"perc_have_internet_access",90.5006418485237,"percent"
"55",51059461700,"tract","Census Tract 4617, Fairfax County, Virginia",2019,"perc_have_internet_access",92.1484037963762,"percent"
"56",51059431802,"tract","Census Tract 4318.02, Fairfax County, Virginia",2019,"perc_have_internet_access",95.956607495069,"percent"
"57",51059492300,"tract","Census Tract 4923, Fairfax County, Virginia",2019,"perc_have_internet_access",93.5211267605634,"percent"
"58",51059422202,"tract","Census Tract 4222.02, Fairfax County, Virginia",2019,"perc_have_internet_access",96.6498393758605,"percent"
"59",51153901503,"tract","Census Tract 9015.03, Prince William County, Virginia",2019,"perc_have_internet_access",96.6499162479062,"percent"
"60",51059460701,"tract","Census Tract 4607.01, Fairfax County, Virginia",2019,"perc_have_internet_access",96.2794918330308,"percent"
"61",51059421800,"tract","Census Tract 4218, Fairfax County, Virginia",2019,"perc_have_internet_access",94.9404761904762,"percent"
"62",51107611002,"tract","Census Tract 6110.02, Loudoun County, Virginia",2019,"perc_have_internet_access",98.7971569163477,"percent"
"63",51510200301,"tract","Census Tract 2003.01, Alexandria city, Virginia",2019,"perc_have_internet_access",98.3050847457627,"percent"
"64",51153900502,"tract","Census Tract 9005.02, Prince William County, Virginia",2019,"perc_have_internet_access",98.0749219562955,"percent"
"65",51153901229,"tract","Census Tract 9012.29, Prince William County, Virginia",2019,"perc_have_internet_access",94.4202266782912,"percent"
"66",51510200407,"tract","Census Tract 2004.07, Alexandria city, Virginia",2019,"perc_have_internet_access",96.9376979936642,"percent"
"67",51013,"county","Arlington County, Virginia",2019,"perc_have_internet_access",93.2851857388445,"percent"
"68",51683910202,"tract","Census Tract 9102.02, Manassas city, Virginia",2019,"perc_have_internet_access",96.4003511852502,"percent"
"69",51059422102,"tract","Census Tract 4221.02, Fairfax County, Virginia",2019,"perc_have_internet_access",95.9961408586589,"percent"
"70",51059430802,"tract","Census Tract 4308.02, Fairfax County, Virginia",2019,"perc_have_internet_access",98.1047381546135,"percent"
"71",51153901416,"tract","Census Tract 9014.16, Prince William County, Virginia",2019,"perc_have_internet_access",98.4042553191489,"percent"
"72",51013101602,"tract","Census Tract 1016.02, Arlington County, Virginia",2019,"perc_have_internet_access",95.4034729315628,"percent"
"73",51059431002,"tract","Census Tract 4310.02, Fairfax County, Virginia",2019,"perc_have_internet_access",100,"percent"
"74",51013101803,"tract","Census Tract 1018.03, Arlington County, Virginia",2019,"perc_have_internet_access",95.0406156477127,"percent"
"75",51059461801,"tract","Census Tract 4618.01, Fairfax County, Virginia",2019,"perc_have_internet_access",97.2742759795571,"percent"
"76",51013101603,"tract","Census Tract 1016.03, Arlington County, Virginia",2019,"perc_have_internet_access",97.3111395646607,"percent"
"77",51059482203,"tract","Census Tract 4822.03, Fairfax County, Virginia",2019,"perc_have_internet_access",95.9935897435897,"percent"
"78",51059480402,"tract","Census Tract 4804.02, Fairfax County, Virginia",2019,"perc_have_internet_access",100,"percent"
"79",51510200201,"tract","Census Tract 2002.01, Alexandria city, Virginia",2019,"perc_have_internet_access",98.5588972431078,"percent"
"80",51153900202,"tract","Census Tract 9002.02, Prince William County, Virginia",2019,"perc_have_internet_access",87.7147766323024,"percent"
"81",51059482001,"tract","Census Tract 4820.01, Fairfax County, Virginia",2019,"perc_have_internet_access",97.0850684116597,"percent"
"82",51059491703,"tract","Census Tract 4917.03, Fairfax County, Virginia",2019,"perc_have_internet_access",97.4042553191489,"percent"
"83",51153901100,"tract","Census Tract 9011, Prince William County, Virginia",2019,"perc_have_internet_access",96.8315301391035,"percent"
"84",51059450602,"tract","Census Tract 4506.02, Fairfax County, Virginia",2019,"perc_have_internet_access",92.3948220064725,"percent"
"85",51059430201,"tract","Census Tract 4302.01, Fairfax County, Virginia",2019,"perc_have_internet_access",99.0035587188612,"percent"
"86",51059491405,"tract","Census Tract 4914.05, Fairfax County, Virginia",2019,"perc_have_internet_access",100,"percent"
"87",51059422201,"tract","Census Tract 4222.01, Fairfax County, Virginia",2019,"perc_have_internet_access",100,"percent"
"88",51107611006,"tract","Census Tract 6110.06, Loudoun County, Virginia",2019,"perc_have_internet_access",96.961170512099,"percent"
"89",51510201802,"tract","Census Tract 2018.02, Alexandria city, Virginia",2019,"perc_have_internet_access",94.6985446985447,"percent"
"90",51510200802,"tract","Census Tract 2008.02, Alexandria city, Virginia",2019,"perc_have_internet_access",95.1575710991545,"percent"
"91",51059430500,"tract","Census Tract 4305, Fairfax County, Virginia",2019,"perc_have_internet_access",90.9747292418773,"percent"
"92",51013101404,"tract","Census Tract 1014.04, Arlington County, Virginia",2019,"perc_have_internet_access",94.7351627313338,"percent"
"93",51153901408,"tract","Census Tract 9014.08, Prince William County, Virginia",2019,"perc_have_internet_access",94.6394138064018,"percent"
"94",51059452700,"tract","Census Tract 4527, Fairfax County, Virginia",2019,"perc_have_internet_access",88.4775808133472,"percent"
"95",51107,"county","Loudoun County, Virginia",2019,"perc_have_internet_access",96.473798362835,"percent"
"96",51059481701,"tract","Census Tract 4817.01, Fairfax County, Virginia",2019,"perc_have_internet_access",99.0712074303406,"percent"
"97",51107611601,"tract","Census Tract 6116.01, Loudoun County, Virginia",2019,"perc_have_internet_access",90.7581227436823,"percent"
"98",51510200106,"tract","Census Tract 2001.06, Alexandria city, Virginia",2019,"perc_have_internet_access",81.1050477489768,"percent"
"99",51059460502,"tract","Census Tract 4605.02, Fairfax County, Virginia",2019,"perc_have_internet_access",97.7795400475813,"percent"
"100",51059490101,"tract","Census Tract 4901.01, Fairfax County, Virginia",2019,"perc_have_internet_access",93.9196525515744,"percent"
"101",51153900501,"tract","Census Tract 9005.01, Prince William County, Virginia",2019,"perc_have_internet_access",93.4038054968288,"percent"
"102",51059452000,"tract","Census Tract 4520, Fairfax County, Virginia",2019,"perc_have_internet_access",81.0246679316888,"percent"
"103",51059491705,"tract","Census Tract 4917.05, Fairfax County, Virginia",2019,"perc_have_internet_access",100,"percent"
"104",51013102301,"tract","Census Tract 1023.01, Arlington County, Virginia",2019,"perc_have_internet_access",93.7605396290051,"percent"
"105",51683910401,"tract","Census Tract 9104.01, Manassas city, Virginia",2019,"perc_have_internet_access",89.5446096654275,"percent"
"106",51510200406,"tract","Census Tract 2004.06, Alexandria city, Virginia",2019,"perc_have_internet_access",90.0949236483698,"percent"
"107",51153901237,"tract","Census Tract 9012.37, Prince William County, Virginia",2019,"perc_have_internet_access",99.2227979274611,"percent"
"108",51153901900,"tract","Census Tract 9019, Prince William County, Virginia",2019,"perc_have_internet_access",92.6028663892742,"percent"
"109",51059481103,"tract","Census Tract 4811.03, Fairfax County, Virginia",2019,"perc_have_internet_access",90.3117101937658,"percent"
"110",51107611022,"tract","Census Tract 6110.22, Loudoun County, Virginia",2019,"perc_have_internet_access",99.2599444958372,"percent"
"111",51059492100,"tract","Census Tract 4921, Fairfax County, Virginia",2019,"perc_have_internet_access",98.5822306238185,"percent"
"112",51059460400,"tract","Census Tract 4604, Fairfax County, Virginia",2019,"perc_have_internet_access",91.1360163015792,"percent"
"113",51013103503,"tract","Census Tract 1035.03, Arlington County, Virginia",2019,"perc_have_internet_access",97.8057700121902,"percent"
"114",51059481500,"tract","Census Tract 4815, Fairfax County, Virginia",2019,"perc_have_internet_access",100,"percent"
"115",51059452101,"tract","Census Tract 4521.01, Fairfax County, Virginia",2019,"perc_have_internet_access",91.0539215686275,"percent"
"116",51510201801,"tract","Census Tract 2018.01, Alexandria city, Virginia",2019,"perc_have_internet_access",93.2758982979618,"percent"
"117",51059481106,"tract","Census Tract 4811.06, Fairfax County, Virginia",2019,"perc_have_internet_access",99.3578517221249,"percent"
"118",51059481201,"tract","Census Tract 4812.01, Fairfax County, Virginia",2019,"perc_have_internet_access",100,"percent"
"119",51059431400,"tract","Census Tract 4314, Fairfax County, Virginia",2019,"perc_have_internet_access",98.5791610284168,"percent"
"120",51107611016,"tract","Census Tract 6110.16, Loudoun County, Virginia",2019,"perc_have_internet_access",98.576512455516,"percent"
"121",51059422402,"tract","Census Tract 4224.02, Fairfax County, Virginia",2019,"perc_have_internet_access",95.4479418886199,"percent"
"122",51510200500,"tract","Census Tract 2005, Alexandria city, Virginia",2019,"perc_have_internet_access",94.8877805486284,"percent"
"123",51059490501,"tract","Census Tract 4905.01, Fairfax County, Virginia",2019,"perc_have_internet_access",95.3150242326333,"percent"
"124",51013100800,"tract","Census Tract 1008, Arlington County, Virginia",2019,"perc_have_internet_access",91.3669064748201,"percent"
"125",51059481102,"tract","Census Tract 4811.02, Fairfax County, Virginia",2019,"perc_have_internet_access",99.2511912865895,"percent"
"126",51059432600,"tract","Census Tract 4326, Fairfax County, Virginia",2019,"perc_have_internet_access",98.6046511627907,"percent"
"127",51107610101,"tract","Census Tract 6101.01, Loudoun County, Virginia",2019,"perc_have_internet_access",94.8769128409847,"percent"
"128",51059416100,"tract","Census Tract 4161, Fairfax County, Virginia",2019,"perc_have_internet_access",98.8414192614048,"percent"
"129",51059461601,"tract","Census Tract 4616.01, Fairfax County, Virginia",2019,"perc_have_internet_access",98.2223771348902,"percent"
"130",51059470500,"tract","Census Tract 4705, Fairfax County, Virginia",2019,"perc_have_internet_access",97.6398152898923,"percent"
"131",51153900600,"tract","Census Tract 9006, Prince William County, Virginia",2019,"perc_have_internet_access",94.5336225596529,"percent"
"132",51510200403,"tract","Census Tract 2004.03, Alexandria city, Virginia",2019,"perc_have_internet_access",91.4618369987063,"percent"
"133",51059421001,"tract","Census Tract 4210.01, Fairfax County, Virginia",2019,"perc_have_internet_access",96.5153115100317,"percent"
"134",51059430600,"tract","Census Tract 4306, Fairfax County, Virginia",2019,"perc_have_internet_access",88.9014084507042,"percent"
"135",51059421400,"tract","Census Tract 4214, Fairfax County, Virginia",2019,"perc_have_internet_access",86.5398167723749,"percent"
"136",51153900407,"tract","Census Tract 9004.07, Prince William County, Virginia",2019,"perc_have_internet_access",95.4739538855679,"percent"
"137",51153901231,"tract","Census Tract 9012.31, Prince William County, Virginia",2019,"perc_have_internet_access",91.7147351861563,"percent"
"138",51059440702,"tract","Census Tract 4407.02, Fairfax County, Virginia",2019,"perc_have_internet_access",98.9349775784753,"percent"
"139",51059430203,"tract","Census Tract 4302.03, Fairfax County, Virginia",2019,"perc_have_internet_access",98.0301274623407,"percent"
"140",51059440300,"tract","Census Tract 4403, Fairfax County, Virginia",2019,"perc_have_internet_access",99.3534482758621,"percent"
"141",51059491202,"tract","Census Tract 4912.02, Fairfax County, Virginia",2019,"perc_have_internet_access",93.5695538057743,"percent"
"142",51107611502,"tract","Census Tract 6115.02, Loudoun County, Virginia",2019,"perc_have_internet_access",94.421906693712,"percent"
"143",51059491404,"tract","Census Tract 4914.04, Fairfax County, Virginia",2019,"perc_have_internet_access",98.462783171521,"percent"
"144",51059492400,"tract","Census Tract 4924, Fairfax County, Virginia",2019,"perc_have_internet_access",96.6121495327103,"percent"
"145",51059491102,"tract","Census Tract 4911.02, Fairfax County, Virginia",2019,"perc_have_internet_access",99.2578849721707,"percent"
"146",51059452502,"tract","Census Tract 4525.02, Fairfax County, Virginia",2019,"perc_have_internet_access",94.723458359822,"percent"
"147",51153901409,"tract","Census Tract 9014.09, Prince William County, Virginia",2019,"perc_have_internet_access",100,"percent"
"148",51059491201,"tract","Census Tract 4912.01, Fairfax County, Virginia",2019,"perc_have_internet_access",99.4152046783626,"percent"
"149",51059420800,"tract","Census Tract 4208, Fairfax County, Virginia",2019,"perc_have_internet_access",90.1147396293027,"percent"
"150",51153900410,"tract","Census Tract 9004.10, Prince William County, Virginia",2019,"perc_have_internet_access",94.4068838352797,"percent"
"151",51059420600,"tract","Census Tract 4206, Fairfax County, Virginia",2019,"perc_have_internet_access",98.1934112646121,"percent"
"152",51013103000,"tract","Census Tract 1030, Arlington County, Virginia",2019,"perc_have_internet_access",96.4973730297723,"percent"
"153",51153901233,"tract","Census Tract 9012.33, Prince William County, Virginia",2019,"perc_have_internet_access",99.4405594405594,"percent"
"154",51107610602,"tract","Census Tract 6106.02, Loudoun County, Virginia",2019,"perc_have_internet_access",95.9361393323657,"percent"
"155",51153900403,"tract","Census Tract 9004.03, Prince William County, Virginia",2019,"perc_have_internet_access",92.670738478623,"percent"
"156",51013103401,"tract","Census Tract 1034.01, Arlington County, Virginia",2019,"perc_have_internet_access",91.1111111111111,"percent"
"157",51059420100,"tract","Census Tract 4201, Fairfax County, Virginia",2019,"perc_have_internet_access",95.1111111111111,"percent"
"158",51059421300,"tract","Census Tract 4213, Fairfax County, Virginia",2019,"perc_have_internet_access",96.3354474982382,"percent"
"159",51059480203,"tract","Census Tract 4802.03, Fairfax County, Virginia",2019,"perc_have_internet_access",96.3229992790195,"percent"
"160",51013102001,"tract","Census Tract 1020.01, Arlington County, Virginia",2019,"perc_have_internet_access",79.7390636991558,"percent"
"161",51107611009,"tract","Census Tract 6110.09, Loudoun County, Virginia",2019,"perc_have_internet_access",99.428208386277,"percent"
"162",51059451502,"tract","Census Tract 4515.02, Fairfax County, Virginia",2019,"perc_have_internet_access",87.6219825372368,"percent"
"163",51059471000,"tract","Census Tract 4710, Fairfax County, Virginia",2019,"perc_have_internet_access",99.3055555555556,"percent"
"164",51059430101,"tract","Census Tract 4301.01, Fairfax County, Virginia",2019,"perc_have_internet_access",99.0391214824983,"percent"
"165",51153901005,"tract","Census Tract 9010.05, Prince William County, Virginia",2019,"perc_have_internet_access",100,"percent"
"166",51059440100,"tract","Census Tract 4401, Fairfax County, Virginia",2019,"perc_have_internet_access",91.7776037588097,"percent"
"167",51013101702,"tract","Census Tract 1017.02, Arlington County, Virginia",2019,"perc_have_internet_access",96.1271676300578,"percent"
"168",51153900100,"tract","Census Tract 9001, Prince William County, Virginia",2019,"perc_have_internet_access",95.6146657081237,"percent"
"169",51059481202,"tract","Census Tract 4812.02, Fairfax County, Virginia",2019,"perc_have_internet_access",95.4936708860759,"percent"
"170",51059431300,"tract","Census Tract 4313, Fairfax County, Virginia",2019,"perc_have_internet_access",98.8304093567251,"percent"
"171",51059471202,"tract","Census Tract 4712.02, Fairfax County, Virginia",2019,"perc_have_internet_access",97.3751058425063,"percent"
"172",51059450400,"tract","Census Tract 4504, Fairfax County, Virginia",2019,"perc_have_internet_access",97.4416017797553,"percent"
"173",51013100600,"tract","Census Tract 1006, Arlington County, Virginia",2019,"perc_have_internet_access",92.3676012461059,"percent"
"174",51059431001,"tract","Census Tract 4310.01, Fairfax County, Virginia",2019,"perc_have_internet_access",99.4367959949937,"percent"
"175",51683,"county","Manassas city, Virginia",2019,"perc_have_internet_access",91.3319894557296,"percent"
"176",51685,"county","Manassas Park city, Virginia",2019,"perc_have_internet_access",94.1607412195648,"percent"
"177",51059492203,"tract","Census Tract 4922.03, Fairfax County, Virginia",2019,"perc_have_internet_access",100,"percent"
"178",51059452102,"tract","Census Tract 4521.02, Fairfax County, Virginia",2019,"perc_have_internet_access",91.5254237288136,"percent"
"179",51013102003,"tract","Census Tract 1020.03, Arlington County, Virginia",2019,"perc_have_internet_access",69.0035447026388,"percent"
"180",51059452501,"tract","Census Tract 4525.01, Fairfax County, Virginia",2019,"perc_have_internet_access",96.1049284578696,"percent"
"181",51107611802,"tract","Census Tract 6118.02, Loudoun County, Virginia",2019,"perc_have_internet_access",97.8944413250983,"percent"
"182",51059450701,"tract","Census Tract 4507.01, Fairfax County, Virginia",2019,"perc_have_internet_access",97.6973684210526,"percent"
"183",51107611102,"tract","Census Tract 6111.02, Loudoun County, Virginia",2019,"perc_have_internet_access",98.3756345177665,"percent"
"184",51153901702,"tract","Census Tract 9017.02, Prince William County, Virginia",2019,"perc_have_internet_access",89.8400752587018,"percent"
"185",51107611501,"tract","Census Tract 6115.01, Loudoun County, Virginia",2019,"perc_have_internet_access",98.5205110961668,"percent"
"186",51153901012,"tract","Census Tract 9010.12, Prince William County, Virginia",2019,"perc_have_internet_access",98.2142857142857,"percent"
"187",51059482602,"tract","Census Tract 4826.02, Fairfax County, Virginia",2019,"perc_have_internet_access",95.8681135225376,"percent"
"188",51059440202,"tract","Census Tract 4402.02, Fairfax County, Virginia",2019,"perc_have_internet_access",97.1837708830549,"percent"
"189",51510202002,"tract","Census Tract 2020.02, Alexandria city, Virginia",2019,"perc_have_internet_access",97.106563161609,"percent"
"190",51153901415,"tract","Census Tract 9014.15, Prince William County, Virginia",2019,"perc_have_internet_access",99.2207792207792,"percent"
"191",51153901507,"tract","Census Tract 9015.07, Prince William County, Virginia",2019,"perc_have_internet_access",98.7206823027718,"percent"
"192",51685920200,"tract","Census Tract 9202, Manassas Park city, Virginia",2019,"perc_have_internet_access",94.5698397121361,"percent"
"193",51107611400,"tract","Census Tract 6114, Loudoun County, Virginia",2019,"perc_have_internet_access",92.8924598269468,"percent"
"194",51013102500,"tract","Census Tract 1025, Arlington County, Virginia",2019,"perc_have_internet_access",96.6353677621283,"percent"
"195",51059482502,"tract","Census Tract 4825.02, Fairfax County, Virginia",2019,"perc_have_internet_access",100,"percent"
"196",51059482100,"tract","Census Tract 4821, Fairfax County, Virginia",2019,"perc_have_internet_access",94.5629731589814,"percent"
"197",51107610601,"tract","Census Tract 6106.01, Loudoun County, Virginia",2019,"perc_have_internet_access",90.1674385464909,"percent"
"198",51107611602,"tract","Census Tract 6116.02, Loudoun County, Virginia",2019,"perc_have_internet_access",91.9814957594449,"percent"
"199",51059481702,"tract","Census Tract 4817.02, Fairfax County, Virginia",2019,"perc_have_internet_access",98.3488132094943,"percent"
"200",51153900408,"tract","Census Tract 9004.08, Prince William County, Virginia",2019,"perc_have_internet_access",95.9757023538345,"percent"
"201",51013101200,"tract","Census Tract 1012, Arlington County, Virginia",2019,"perc_have_internet_access",95.0657894736842,"percent"
"202",51153901221,"tract","Census Tract 9012.21, Prince William County, Virginia",2019,"perc_have_internet_access",94.8878455920709,"percent"
"203",51510200702,"tract","Census Tract 2007.02, Alexandria city, Virginia",2019,"perc_have_internet_access",97.2750316856781,"percent"
"204",51059481101,"tract","Census Tract 4811.01, Fairfax County, Virginia",2019,"perc_have_internet_access",93.2735426008969,"percent"
"205",51153901209,"tract","Census Tract 9012.09, Prince William County, Virginia",2019,"perc_have_internet_access",97.2932330827068,"percent"
"206",51059430801,"tract","Census Tract 4308.01, Fairfax County, Virginia",2019,"perc_have_internet_access",93.1515535827521,"percent"
"207",51013102100,"tract","Census Tract 1021, Arlington County, Virginia",2019,"perc_have_internet_access",89.4847528916929,"percent"
"208",51059415800,"tract","Census Tract 4158, Fairfax County, Virginia",2019,"perc_have_internet_access",95.473496128648,"percent"
"209",51059480201,"tract","Census Tract 4802.01, Fairfax County, Virginia",2019,"perc_have_internet_access",99.4148244473342,"percent"
"210",51059440501,"tract","Census Tract 4405.01, Fairfax County, Virginia",2019,"perc_have_internet_access",99.7520148791073,"percent"
"211",51013101000,"tract","Census Tract 1010, Arlington County, Virginia",2019,"perc_have_internet_access",97.1675845790716,"percent"
"212",51059430102,"tract","Census Tract 4301.02, Fairfax County, Virginia",2019,"perc_have_internet_access",98.4189723320158,"percent"
"213",51107610507,"tract","Census Tract 6105.07, Loudoun County, Virginia",2019,"perc_have_internet_access",98.6407766990291,"percent"
"214",51153901234,"tract","Census Tract 9012.34, Prince William County, Virginia",2019,"perc_have_internet_access",95.7112970711297,"percent"
"215",51107610703,"tract","Census Tract 6107.03, Loudoun County, Virginia",2019,"perc_have_internet_access",95.922208281054,"percent"
"216",51059471402,"tract","Census Tract 4714.02, Fairfax County, Virginia",2019,"perc_have_internet_access",97.5673327541269,"percent"
"217",51510,"county","Alexandria city, Virginia",2019,"perc_have_internet_access",93.5692229241622,"percent"
"218",51059492202,"tract","Census Tract 4922.02, Fairfax County, Virginia",2019,"perc_have_internet_access",98.9120151371807,"percent"
"219",51510200302,"tract","Census Tract 2003.02, Alexandria city, Virginia",2019,"perc_have_internet_access",93.7102473498233,"percent"
"220",51153901208,"tract","Census Tract 9012.08, Prince William County, Virginia",2019,"perc_have_internet_access",94.84827099506,"percent"
"221",51059415600,"tract","Census Tract 4156, Fairfax County, Virginia",2019,"perc_have_internet_access",97.9431929480901,"percent"
"222",51107610702,"tract","Census Tract 6107.02, Loudoun County, Virginia",2019,"perc_have_internet_access",91.4073385973061,"percent"
"223",51059490502,"tract","Census Tract 4905.02, Fairfax County, Virginia",2019,"perc_have_internet_access",95.6240676280458,"percent"
"224",51059491803,"tract","Census Tract 4918.03, Fairfax County, Virginia",2019,"perc_have_internet_access",100,"percent"
"225",51059432202,"tract","Census Tract 4322.02, Fairfax County, Virginia",2019,"perc_have_internet_access",97.6522842639594,"percent"
"226",51059430400,"tract","Census Tract 4304, Fairfax County, Virginia",2019,"perc_have_internet_access",97.2602739726027,"percent"
"227",51013101403,"tract","Census Tract 1014.03, Arlington County, Virginia",2019,"perc_have_internet_access",96.3437416599947,"percent"
"228",51610500200,"tract","Census Tract 5002, Falls Church city, Virginia",2019,"perc_have_internet_access",95.52,"percent"
"229",51059491502,"tract","Census Tract 4915.02, Fairfax County, Virginia",2019,"perc_have_internet_access",100,"percent"
"230",51107610505,"tract","Census Tract 6105.05, Loudoun County, Virginia",2019,"perc_have_internet_access",91.4177534707615,"percent"
"231",51153900203,"tract","Census Tract 9002.03, Prince William County, Virginia",2019,"perc_have_internet_access",90.8902691511387,"percent"
"232",51059461202,"tract","Census Tract 4612.02, Fairfax County, Virginia",2019,"perc_have_internet_access",99.5483628152051,"percent"
"233",51059420502,"tract","Census Tract 4205.02, Fairfax County, Virginia",2019,"perc_have_internet_access",96.4439655172414,"percent"
"234",51059491802,"tract","Census Tract 4918.02, Fairfax County, Virginia",2019,"perc_have_internet_access",98.5865724381625,"percent"
"235",51059480502,"tract","Census Tract 4805.02, Fairfax County, Virginia",2019,"perc_have_internet_access",96.9139144558744,"percent"
"236",51153901413,"tract","Census Tract 9014.13, Prince William County, Virginia",2019,"perc_have_internet_access",100,"percent"
"237",51059420203,"tract","Census Tract 4202.03, Fairfax County, Virginia",2019,"perc_have_internet_access",94.8132780082988,"percent"
"238",51510200404,"tract","Census Tract 2004.04, Alexandria city, Virginia",2019,"perc_have_internet_access",98.3606557377049,"percent"
"239",51013103700,"tract","Census Tract 1037, Arlington County, Virginia",2019,"perc_have_internet_access",98.3589743589744,"percent"
"240",51059420503,"tract","Census Tract 4205.03, Fairfax County, Virginia",2019,"perc_have_internet_access",96.3598901098901,"percent"
"241",51013103402,"tract","Census Tract 1034.02, Arlington County, Virginia",2019,"perc_have_internet_access",96.7532467532468,"percent"
"242",51059460900,"tract","Census Tract 4609, Fairfax County, Virginia",2019,"perc_have_internet_access",98.4777517564403,"percent"
"243",51107611005,"tract","Census Tract 6110.05, Loudoun County, Virginia",2019,"perc_have_internet_access",97.6068376068376,"percent"
"244",51059440600,"tract","Census Tract 4406, Fairfax County, Virginia",2019,"perc_have_internet_access",90.8700322234157,"percent"
"245",51153901224,"tract","Census Tract 9012.24, Prince William County, Virginia",2019,"perc_have_internet_access",99.7772828507795,"percent"
"246",51059491601,"tract","Census Tract 4916.01, Fairfax County, Virginia",2019,"perc_have_internet_access",97.0679975046787,"percent"
"247",51013101500,"tract","Census Tract 1015, Arlington County, Virginia",2019,"perc_have_internet_access",94.6705171961145,"percent"
"248",51059421103,"tract","Census Tract 4211.03, Fairfax County, Virginia",2019,"perc_have_internet_access",98.2767359351242,"percent"
"249",51059461500,"tract","Census Tract 4615, Fairfax County, Virginia",2019,"perc_have_internet_access",97.4630021141649,"percent"
"250",51510200600,"tract","Census Tract 2006, Alexandria city, Virginia",2019,"perc_have_internet_access",93.082788671024,"percent"
"251",51059432100,"tract","Census Tract 4321, Fairfax County, Virginia",2019,"perc_have_internet_access",98.780487804878,"percent"
"252",51059432401,"tract","Census Tract 4324.01, Fairfax County, Virginia",2019,"perc_have_internet_access",100,"percent"
"253",51059480902,"tract","Census Tract 4809.02, Fairfax County, Virginia",2019,"perc_have_internet_access",94.5224719101124,"percent"
"254",51059431500,"tract","Census Tract 4315, Fairfax County, Virginia",2019,"perc_have_internet_access",97.5696202531646,"percent"
"255",51107610800,"tract","Census Tract 6108, Loudoun County, Virginia",2019,"perc_have_internet_access",89.4065934065934,"percent"
"256",51013101900,"tract","Census Tract 1019, Arlington County, Virginia",2019,"perc_have_internet_access",96.7585089141005,"percent"
"257",51013102302,"tract","Census Tract 1023.02, Arlington County, Virginia",2019,"perc_have_internet_access",93.2225913621263,"percent"
"258",51059430202,"tract","Census Tract 4302.02, Fairfax County, Virginia",2019,"perc_have_internet_access",97.7507598784195,"percent"
"259",51153901010,"tract","Census Tract 9010.10, Prince William County, Virginia",2019,"perc_have_internet_access",99.3362831858407,"percent"
"260",51510200801,"tract","Census Tract 2008.01, Alexandria city, Virginia",2019,"perc_have_internet_access",92.7215189873418,"percent"
"261",51107611806,"tract","Census Tract 6118.06, Loudoun County, Virginia",2019,"perc_have_internet_access",98.5249145529772,"percent"
"262",51600300400,"tract","Census Tract 3004, Fairfax city, Virginia",2019,"perc_have_internet_access",94.1576086956522,"percent"
"263",51153901236,"tract","Census Tract 9012.36, Prince William County, Virginia",2019,"perc_have_internet_access",99.4249869315212,"percent"
"264",51683910301,"tract","Census Tract 9103.01, Manassas city, Virginia",2019,"perc_have_internet_access",87.2032426172554,"percent"
"265",51107611101,"tract","Census Tract 6111.01, Loudoun County, Virginia",2019,"perc_have_internet_access",92.0750151240169,"percent"
"266",51059421002,"tract","Census Tract 4210.02, Fairfax County, Virginia",2019,"perc_have_internet_access",93.0887825624668,"percent"
"267",51059491303,"tract","Census Tract 4913.03, Fairfax County, Virginia",2019,"perc_have_internet_access",93.1057563587684,"percent"
"268",51059461100,"tract","Census Tract 4611, Fairfax County, Virginia",2019,"perc_have_internet_access",94.1422594142259,"percent"
"269",51510201000,"tract","Census Tract 2010, Alexandria city, Virginia",2019,"perc_have_internet_access",96.3297571993224,"percent"
"270",51153901509,"tract","Census Tract 9015.09, Prince William County, Virginia",2019,"perc_have_internet_access",98.320537428023,"percent"
"271",51059461201,"tract","Census Tract 4612.01, Fairfax County, Virginia",2019,"perc_have_internet_access",98.6559139784946,"percent"
"272",51059422401,"tract","Census Tract 4224.01, Fairfax County, Virginia",2019,"perc_have_internet_access",98.546042003231,"percent"
"273",51107611021,"tract","Census Tract 6110.21, Loudoun County, Virginia",2019,"perc_have_internet_access",98.2461838259175,"percent"
"274",51059452801,"tract","Census Tract 4528.01, Fairfax County, Virginia",2019,"perc_have_internet_access",93.8610662358643,"percent"
"275",51510200107,"tract","Census Tract 2001.07, Alexandria city, Virginia",2019,"perc_have_internet_access",98.569725864124,"percent"
"276",51059421200,"tract","Census Tract 4212, Fairfax County, Virginia",2019,"perc_have_internet_access",96.301775147929,"percent"
"277",51153901223,"tract","Census Tract 9012.23, Prince William County, Virginia",2019,"perc_have_internet_access",95.7600360847993,"percent"
"278",51013103502,"tract","Census Tract 1035.02, Arlington County, Virginia",2019,"perc_have_internet_access",89.8482293423271,"percent"
"279",51059415401,"tract","Census Tract 4154.01, Fairfax County, Virginia",2019,"perc_have_internet_access",90.8624229979466,"percent"
"280",51510201203,"tract","Census Tract 2012.03, Alexandria city, Virginia",2019,"perc_have_internet_access",82.0300751879699,"percent"
"281",51107611700,"tract","Census Tract 6117, Loudoun County, Virginia",2019,"perc_have_internet_access",90.3954802259887,"percent"
"282",51510201600,"tract","Census Tract 2016, Alexandria city, Virginia",2019,"perc_have_internet_access",96.3126378821305,"percent"
"283",51107611207,"tract","Census Tract 6112.07, Loudoun County, Virginia",2019,"perc_have_internet_access",97.7051460361613,"percent"
"284",51059491403,"tract","Census Tract 4914.03, Fairfax County, Virginia",2019,"perc_have_internet_access",97.6085031000886,"percent"
"285",51683910302,"tract","Census Tract 9103.02, Manassas city, Virginia",2019,"perc_have_internet_access",88.3475640381718,"percent"
"286",51153901225,"tract","Census Tract 9012.25, Prince William County, Virginia",2019,"perc_have_internet_access",97.6268951878708,"percent"
"287",51013103800,"tract","Census Tract 1038, Arlington County, Virginia",2019,"perc_have_internet_access",96.6721446179129,"percent"
"288",51059451800,"tract","Census Tract 4518, Fairfax County, Virginia",2019,"perc_have_internet_access",97.1454058876004,"percent"
"289",51059451602,"tract","Census Tract 4516.02, Fairfax County, Virginia",2019,"perc_have_internet_access",90.9345794392523,"percent"
"290",51059416200,"tract","Census Tract 4162, Fairfax County, Virginia",2019,"perc_have_internet_access",100,"percent"
"291",51107611020,"tract","Census Tract 6110.20, Loudoun County, Virginia",2019,"perc_have_internet_access",97.951582867784,"percent"
"292",51107610202,"tract","Census Tract 6102.02, Loudoun County, Virginia",2019,"perc_have_internet_access",93.6977491961415,"percent"
"293",51013103601,"tract","Census Tract 1036.01, Arlington County, Virginia",2019,"perc_have_internet_access",98.2161594963274,"percent"
"294",51013102901,"tract","Census Tract 1029.01, Arlington County, Virginia",2019,"perc_have_internet_access",98.0108499095841,"percent"
"295",51153900409,"tract","Census Tract 9004.09, Prince William County, Virginia",2019,"perc_have_internet_access",98.9481065918654,"percent"
"296",51059471201,"tract","Census Tract 4712.01, Fairfax County, Virginia",2019,"perc_have_internet_access",97.0360824742268,"percent"
"297",51059470600,"tract","Census Tract 4706, Fairfax County, Virginia",2019,"perc_have_internet_access",92.6497277676951,"percent"
"298",51059482201,"tract","Census Tract 4822.01, Fairfax County, Virginia",2019,"perc_have_internet_access",93.4156378600823,"percent"
"299",51059460501,"tract","Census Tract 4605.01, Fairfax County, Virginia",2019,"perc_have_internet_access",98.80810488677,"percent"
"300",51013102002,"tract","Census Tract 1020.02, Arlington County, Virginia",2019,"perc_have_internet_access",94.2546583850932,"percent"
"301",51107611017,"tract","Census Tract 6110.17, Loudoun County, Virginia",2019,"perc_have_internet_access",98.0107115531752,"percent"
"302",51153901303,"tract","Census Tract 9013.03, Prince William County, Virginia",2019,"perc_have_internet_access",100,"percent"
"303",51013103300,"tract","Census Tract 1033, Arlington County, Virginia",2019,"perc_have_internet_access",87.2860635696822,"percent"
"304",51013102801,"tract","Census Tract 1028.01, Arlington County, Virginia",2019,"perc_have_internet_access",88.6199220923762,"percent"
"305",51059432500,"tract","Census Tract 4325, Fairfax County, Virginia",2019,"perc_have_internet_access",96.1935834692768,"percent"
"306",51153901414,"tract","Census Tract 9014.14, Prince William County, Virginia",2019,"perc_have_internet_access",97.4887314874437,"percent"
"307",51510200303,"tract","Census Tract 2003.03, Alexandria city, Virginia",2019,"perc_have_internet_access",85.4028085735403,"percent"
"308",51059460800,"tract","Census Tract 4608, Fairfax County, Virginia",2019,"perc_have_internet_access",91.8032786885246,"percent"
"309",51059415900,"tract","Census Tract 4159, Fairfax County, Virginia",2019,"perc_have_internet_access",97.1843003412969,"percent"
"310",51059420501,"tract","Census Tract 4205.01, Fairfax County, Virginia",2019,"perc_have_internet_access",96.6845878136201,"percent"
"311",51059491704,"tract","Census Tract 4917.04, Fairfax County, Virginia",2019,"perc_have_internet_access",98.8174077578051,"percent"
"312",51059452802,"tract","Census Tract 4528.02, Fairfax County, Virginia",2019,"perc_have_internet_access",93.0187459599224,"percent"
"313",51059432000,"tract","Census Tract 4320, Fairfax County, Virginia",2019,"perc_have_internet_access",97.508896797153,"percent"
"314",51059431801,"tract","Census Tract 4318.01, Fairfax County, Virginia",2019,"perc_have_internet_access",98.6947063089195,"percent"
"315",51107611004,"tract","Census Tract 6110.04, Loudoun County, Virginia",2019,"perc_have_internet_access",99.3215228043724,"percent"
"316",51153901011,"tract","Census Tract 9010.11, Prince William County, Virginia",2019,"perc_have_internet_access",98.3677910772579,"percent"
"317",51059461902,"tract","Census Tract 4619.02, Fairfax County, Virginia",2019,"perc_have_internet_access",91.3188647746244,"percent"
"318",51153901230,"tract","Census Tract 9012.30, Prince William County, Virginia",2019,"perc_have_internet_access",96.5463108320251,"percent"
"319",51059430901,"tract","Census Tract 4309.01, Fairfax County, Virginia",2019,"perc_have_internet_access",98.8880652335063,"percent"
"320",51013101402,"tract","Census Tract 1014.02, Arlington County, Virginia",2019,"perc_have_internet_access",95.7446808510638,"percent"
"321",51153901412,"tract","Census Tract 9014.12, Prince William County, Virginia",2019,"perc_have_internet_access",100,"percent"
"322",51059421102,"tract","Census Tract 4211.02, Fairfax County, Virginia",2019,"perc_have_internet_access",93.1365820178449,"percent"
"323",51059415100,"tract","Census Tract 4151, Fairfax County, Virginia",2019,"perc_have_internet_access",94.8072383949646,"percent"
"324",51059482303,"tract","Census Tract 4823.03, Fairfax County, Virginia",2019,"perc_have_internet_access",95.6109134045077,"percent"
"325",51059415700,"tract","Census Tract 4157, Fairfax County, Virginia",2019,"perc_have_internet_access",99.2845786963434,"percent"
"326",51059416000,"tract","Census Tract 4160, Fairfax County, Virginia",2019,"perc_have_internet_access",94.9206349206349,"percent"
"327",51059470100,"tract","Census Tract 4701, Fairfax County, Virginia",2019,"perc_have_internet_access",99.4172494172494,"percent"
"328",51153901504,"tract","Census Tract 9015.04, Prince William County, Virginia",2019,"perc_have_internet_access",94.6146703806871,"percent"
"329",51059420700,"tract","Census Tract 4207, Fairfax County, Virginia",2019,"perc_have_internet_access",94.9640287769784,"percent"
"330",51510200202,"tract","Census Tract 2002.02, Alexandria city, Virginia",2019,"perc_have_internet_access",100,"percent"
"331",51153901228,"tract","Census Tract 9012.28, Prince William County, Virginia",2019,"perc_have_internet_access",98.8935721812434,"percent"
"332",51013103100,"tract","Census Tract 1031, Arlington County, Virginia",2019,"perc_have_internet_access",88.7062789717657,"percent"
"333",51059450500,"tract","Census Tract 4505, Fairfax County, Virginia",2019,"perc_have_internet_access",90.1826484018265,"percent"
"334",51059430902,"tract","Census Tract 4309.02, Fairfax County, Virginia",2019,"perc_have_internet_access",100,"percent"
"335",51107611012,"tract","Census Tract 6110.12, Loudoun County, Virginia",2019,"perc_have_internet_access",99.7685185185185,"percent"
"336",51013101801,"tract","Census Tract 1018.01, Arlington County, Virginia",2019,"perc_have_internet_access",99.3496748374187,"percent"
"337",51059460100,"tract","Census Tract 4601, Fairfax County, Virginia",2019,"perc_have_internet_access",98.7386124737211,"percent"
"338",51107611209,"tract","Census Tract 6112.09, Loudoun County, Virginia",2019,"perc_have_internet_access",98.0373831775701,"percent"
"339",51059491101,"tract","Census Tract 4911.01, Fairfax County, Virginia",2019,"perc_have_internet_access",100,"percent"
"340",51013100900,"tract","Census Tract 1009, Arlington County, Virginia",2019,"perc_have_internet_access",96.05343047966,"percent"
"341",51153901304,"tract","Census Tract 9013.04, Prince William County, Virginia",2019,"perc_have_internet_access",91.0501193317422,"percent"
"342",51013102802,"tract","Census Tract 1028.02, Arlington County, Virginia",2019,"perc_have_internet_access",86.8686868686869,"percent"
"343",51059482504,"tract","Census Tract 4825.04, Fairfax County, Virginia",2019,"perc_have_internet_access",97.9591836734694,"percent"
"344",51059481600,"tract","Census Tract 4816, Fairfax County, Virginia",2019,"perc_have_internet_access",98.4417965169569,"percent"
"345",51059461901,"tract","Census Tract 4619.01, Fairfax County, Virginia",2019,"perc_have_internet_access",89.6162528216704,"percent"
"346",51059482601,"tract","Census Tract 4826.01, Fairfax County, Virginia",2019,"perc_have_internet_access",98.7585616438356,"percent"
"347",51153900904,"tract","Census Tract 9009.04, Prince William County, Virginia",2019,"perc_have_internet_access",94.5514950166113,"percent"
"348",51059481400,"tract","Census Tract 4814, Fairfax County, Virginia",2019,"perc_have_internet_access",96.5771071034229,"percent"
"349",51013102702,"tract","Census Tract 1027.02, Arlington County, Virginia",2019,"perc_have_internet_access",93.4226552984166,"percent"
"350",51013103501,"tract","Census Tract 1035.01, Arlington County, Virginia",2019,"perc_have_internet_access",98.1875849569551,"percent"
"351",51153900404,"tract","Census Tract 9004.04, Prince William County, Virginia",2019,"perc_have_internet_access",94.9644549763033,"percent"
"352",51059422403,"tract","Census Tract 4224.03, Fairfax County, Virginia",2019,"perc_have_internet_access",97.4947807933194,"percent"
"353",51153901508,"tract","Census Tract 9015.08, Prince William County, Virginia",2019,"perc_have_internet_access",96.5978806469604,"percent"
"354",51107611014,"tract","Census Tract 6110.14, Loudoun County, Virginia",2019,"perc_have_internet_access",98.8749172733289,"percent"
"355",51059440800,"tract","Census Tract 4408, Fairfax County, Virginia",2019,"perc_have_internet_access",93.4106728538283,"percent"
"356",51107611013,"tract","Census Tract 6110.13, Loudoun County, Virginia",2019,"perc_have_internet_access",100,"percent"
"357",51059421900,"tract","Census Tract 4219, Fairfax County, Virginia",2019,"perc_have_internet_access",96.0916442048517,"percent"
"358",51013100100,"tract","Census Tract 1001, Arlington County, Virginia",2019,"perc_have_internet_access",96.4902186421174,"percent"
"359",51059440502,"tract","Census Tract 4405.02, Fairfax County, Virginia",2019,"perc_have_internet_access",99.0629183400268,"percent"
"360",51059430700,"tract","Census Tract 4307, Fairfax County, Virginia",2019,"perc_have_internet_access",93.1428571428571,"percent"
"361",51059471304,"tract","Census Tract 4713.04, Fairfax County, Virginia",2019,"perc_have_internet_access",95.04,"percent"
"362",51059432800,"tract","Census Tract 4328, Fairfax County, Virginia",2019,"perc_have_internet_access",100,"percent"
"363",51059422101,"tract","Census Tract 4221.01, Fairfax County, Virginia",2019,"perc_have_internet_access",100,"percent"
"364",51059450200,"tract","Census Tract 4502, Fairfax County, Virginia",2019,"perc_have_internet_access",87.4813710879285,"percent"
"365",51153901601,"tract","Census Tract 9016.01, Prince William County, Virginia",2019,"perc_have_internet_access",88.6443661971831,"percent"
"366",51059480801,"tract","Census Tract 4808.01, Fairfax County, Virginia",2019,"perc_have_internet_access",93.3035714285714,"percent"
"367",51059482400,"tract","Census Tract 4824, Fairfax County, Virginia",2019,"perc_have_internet_access",100,"percent"
"368",51059420202,"tract","Census Tract 4202.02, Fairfax County, Virginia",2019,"perc_have_internet_access",99.1985752448798,"percent"
"369",51059470300,"tract","Census Tract 4703, Fairfax County, Virginia",2019,"perc_have_internet_access",99.1818181818182,"percent"
"370",51059451900,"tract","Census Tract 4519, Fairfax County, Virginia",2019,"perc_have_internet_access",97.8403755868545,"percent"
"371",51059480100,"tract","Census Tract 4801, Fairfax County, Virginia",2019,"perc_have_internet_access",99.2609016999261,"percent"
"372",51059481105,"tract","Census Tract 4811.05, Fairfax County, Virginia",2019,"perc_have_internet_access",99.636803874092,"percent"
"373",51610,"county","Falls Church city, Virginia",2019,"perc_have_internet_access",96.541052248316,"percent"
"374",51610500100,"tract","Census Tract 5001, Falls Church city, Virginia",2019,"perc_have_internet_access",97.5124378109453,"percent"
"375",51059420400,"tract","Census Tract 4204, Fairfax County, Virginia",2019,"perc_have_internet_access",94.5691906005222,"percent"
"376",51059432201,"tract","Census Tract 4322.01, Fairfax County, Virginia",2019,"perc_have_internet_access",93.1650893796004,"percent"
"377",51059491501,"tract","Census Tract 4915.01, Fairfax County, Virginia",2019,"perc_have_internet_access",98.8666085440279,"percent"
"378",51013102400,"tract","Census Tract 1024, Arlington County, Virginia",2019,"perc_have_internet_access",91.0349373764008,"percent"
"379",51059480503,"tract","Census Tract 4805.03, Fairfax County, Virginia",2019,"perc_have_internet_access",99.2825112107623,"percent"
"380",51510201100,"tract","Census Tract 2011, Alexandria city, Virginia",2019,"perc_have_internet_access",100,"percent"
"381",51153901212,"tract","Census Tract 9012.12, Prince William County, Virginia",2019,"perc_have_internet_access",93.5600907029478,"percent"
"382",51059470400,"tract","Census Tract 4704, Fairfax County, Virginia",2019,"perc_have_internet_access",97.1323978035387,"percent"
"383",51059482503,"tract","Census Tract 4825.03, Fairfax County, Virginia",2019,"perc_have_internet_access",98.1530343007916,"percent"
"384",51107611018,"tract","Census Tract 6110.18, Loudoun County, Virginia",2019,"perc_have_internet_access",86.9360269360269,"percent"
"385",51153901227,"tract","Census Tract 9012.27, Prince William County, Virginia",2019,"perc_have_internet_access",96.8421052631579,"percent"
"386",51510201204,"tract","Census Tract 2012.04, Alexandria city, Virginia",2019,"perc_have_internet_access",95.9057071960298,"percent"
"387",51107611805,"tract","Census Tract 6118.05, Loudoun County, Virginia",2019,"perc_have_internet_access",100,"percent"
"388",51059416300,"tract","Census Tract 4163, Fairfax County, Virginia",2019,"perc_have_internet_access",97.4834437086093,"percent"
"389",51059470900,"tract","Census Tract 4709, Fairfax County, Virginia",2019,"perc_have_internet_access",95.2913932844462,"percent"
"390",51059471100,"tract","Census Tract 4711, Fairfax County, Virginia",2019,"perc_have_internet_access",92.8307123034228,"percent"
"391",51107610201,"tract","Census Tract 6102.01, Loudoun County, Virginia",2019,"perc_have_internet_access",90.7934585099939,"percent"
"392",51059,"county","Fairfax County, Virginia",2019,"perc_have_internet_access",95.7979929432713,"percent"
"393",51059415200,"tract","Census Tract 4152, Fairfax County, Virginia",2019,"perc_have_internet_access",94.8564593301435,"percent"
"394",51059491602,"tract","Census Tract 4916.02, Fairfax County, Virginia",2019,"perc_have_internet_access",97.8246960972489,"percent"
"395",51059421101,"tract","Census Tract 4211.01, Fairfax County, Virginia",2019,"perc_have_internet_access",97.0703125,"percent"
"396",51013102600,"tract","Census Tract 1026, Arlington County, Virginia",2019,"perc_have_internet_access",90.3728813559322,"percent"
"397",51510200405,"tract","Census Tract 2004.05, Alexandria city, Virginia",2019,"perc_have_internet_access",90.3098739495798,"percent"
"398",51153901410,"tract","Census Tract 9014.10, Prince William County, Virginia",2019,"perc_have_internet_access",100,"percent"
"399",51510200900,"tract","Census Tract 2009, Alexandria city, Virginia",2019,"perc_have_internet_access",98.9651416122004,"percent"
"400",51059451300,"tract","Census Tract 4513, Fairfax County, Virginia",2019,"perc_have_internet_access",97.9166666666667,"percent"
"401",51059460600,"tract","Census Tract 4606, Fairfax County, Virginia",2019,"perc_have_internet_access",96.2470680218921,"percent"
"402",51600300300,"tract","Census Tract 3003, Fairfax city, Virginia",2019,"perc_have_internet_access",98.6770072992701,"percent"
"403",51013101601,"tract","Census Tract 1016.01, Arlington County, Virginia",2019,"perc_have_internet_access",98.9312977099237,"percent"
"404",51600300500,"tract","Census Tract 3005, Fairfax city, Virginia",2019,"perc_have_internet_access",97.7623456790123,"percent"
"405",51059451100,"tract","Census Tract 4511, Fairfax County, Virginia",2019,"perc_have_internet_access",93.2098765432099,"percent"
"406",51059450100,"tract","Census Tract 4501, Fairfax County, Virginia",2019,"perc_have_internet_access",94.1564561734213,"percent"
"407",51153900201,"tract","Census Tract 9002.01, Prince William County, Virginia",2019,"perc_have_internet_access",95.8277254374159,"percent"
"408",51059431600,"tract","Census Tract 4316, Fairfax County, Virginia",2019,"perc_have_internet_access",88.0890430760335,"percent"
"409",51059482002,"tract","Census Tract 4820.02, Fairfax County, Virginia",2019,"perc_have_internet_access",100,"percent"
"410",51059431900,"tract","Census Tract 4319, Fairfax County, Virginia",2019,"perc_have_internet_access",98.2318271119843,"percent"
"411",51059480901,"tract","Census Tract 4809.01, Fairfax County, Virginia",2019,"perc_have_internet_access",94.9241234955521,"percent"
"412",51059481000,"tract","Census Tract 4810, Fairfax County, Virginia",2019,"perc_have_internet_access",98.2315112540193,"percent"
"413",51013102902,"tract","Census Tract 1029.02, Arlington County, Virginia",2019,"perc_have_internet_access",93.4737711689385,"percent"
"414",51059491402,"tract","Census Tract 4914.02, Fairfax County, Virginia",2019,"perc_have_internet_access",97.0268310369833,"percent"
"415",51059461000,"tract","Census Tract 4610, Fairfax County, Virginia",2019,"perc_have_internet_access",96.437054631829,"percent"
"416",51510201400,"tract","Census Tract 2014, Alexandria city, Virginia",2019,"perc_have_internet_access",96.866410115448,"percent"
"417",51153901506,"tract","Census Tract 9015.06, Prince William County, Virginia",2019,"perc_have_internet_access",97.5063938618926,"percent"
"418",51059480202,"tract","Census Tract 4802.02, Fairfax County, Virginia",2019,"perc_have_internet_access",98.4400929306339,"percent"
"419",51059491701,"tract","Census Tract 4917.01, Fairfax County, Virginia",2019,"perc_have_internet_access",97.2394366197183,"percent"
"420",51510200103,"tract","Census Tract 2001.03, Alexandria city, Virginia",2019,"perc_have_internet_access",89.8286937901499,"percent"
"421",51059480802,"tract","Census Tract 4808.02, Fairfax County, Virginia",2019,"perc_have_internet_access",97.6453274466519,"percent"
"422",51107610503,"tract","Census Tract 6105.03, Loudoun County, Virginia",2019,"perc_have_internet_access",97.6054732041049,"percent"
"423",51059461802,"tract","Census Tract 4618.02, Fairfax County, Virginia",2019,"perc_have_internet_access",98.2195845697329,"percent"
"424",51107610701,"tract","Census Tract 6107.01, Loudoun County, Virginia",2019,"perc_have_internet_access",96.9162995594714,"percent"
"425",51107611202,"tract","Census Tract 6112.02, Loudoun County, Virginia",2019,"perc_have_internet_access",91.5841584158416,"percent"
"426",51059422000,"tract","Census Tract 4220, Fairfax County, Virginia",2019,"perc_have_internet_access",93.2714617169374,"percent"
"427",51059415402,"tract","Census Tract 4154.02, Fairfax County, Virginia",2019,"perc_have_internet_access",96.2412587412587,"percent"
"428",51059450601,"tract","Census Tract 4506.01, Fairfax County, Virginia",2019,"perc_have_internet_access",93.9524838012959,"percent"
"429",51059432701,"tract","Census Tract 4327.01, Fairfax County, Virginia",2019,"perc_have_internet_access",100,"percent"
"430",51600300200,"tract","Census Tract 3002, Fairfax city, Virginia",2019,"perc_have_internet_access",97.9749851101846,"percent"
"431",51153900901,"tract","Census Tract 9009.01, Prince William County, Virginia",2019,"perc_have_internet_access",86.1538461538462,"percent"
"432",51059471401,"tract","Census Tract 4714.01, Fairfax County, Virginia",2019,"perc_have_internet_access",91.4956011730205,"percent"
"433",51059492500,"tract","Census Tract 4925, Fairfax County, Virginia",2019,"perc_have_internet_access",99.8566308243728,"percent"
"434",51013103602,"tract","Census Tract 1036.02, Arlington County, Virginia",2019,"perc_have_internet_access",94.9926362297496,"percent"
"435",51059415300,"tract","Census Tract 4153, Fairfax County, Virginia",2019,"perc_have_internet_access",87.4571624400274,"percent"
"436",51107611900,"tract","Census Tract 6119, Loudoun County, Virginia",2019,"perc_have_internet_access",99.7050147492625,"percent"
"437",51153901417,"tract","Census Tract 9014.17, Prince William County, Virginia",2019,"perc_have_internet_access",88.9897843359818,"percent"
"438",51107610504,"tract","Census Tract 6105.04, Loudoun County, Virginia",2019,"perc_have_internet_access",98.2062780269058,"percent"
"439",51059491401,"tract","Census Tract 4914.01, Fairfax County, Virginia",2019,"perc_have_internet_access",97.2686733556299,"percent"
"440",51013101802,"tract","Census Tract 1018.02, Arlington County, Virginia",2019,"perc_have_internet_access",98.284449363586,"percent"
"441",51059480501,"tract","Census Tract 4805.01, Fairfax County, Virginia",2019,"perc_have_internet_access",99.0890688259109,"percent"
"442",51683910100,"tract","Census Tract 9101, Manassas city, Virginia",2019,"perc_have_internet_access",93.0421909696521,"percent"
"443",51153901505,"tract","Census Tract 9015.05, Prince William County, Virginia",2019,"perc_have_internet_access",97.0956434651978,"percent"
"444",51153901411,"tract","Census Tract 9014.11, Prince William County, Virginia",2019,"perc_have_internet_access",97.0741901776385,"percent"
"445",51059452600,"tract","Census Tract 4526, Fairfax County, Virginia",2019,"perc_have_internet_access",95.9869848156182,"percent"
"446",51510202001,"tract","Census Tract 2020.01, Alexandria city, Virginia",2019,"perc_have_internet_access",97.2894482090997,"percent"
"447",51107611015,"tract","Census Tract 6110.15, Loudoun County, Virginia",2019,"perc_have_internet_access",96.6117216117216,"percent"
"448",51013103200,"tract","Census Tract 1032, Arlington County, Virginia",2019,"perc_have_internet_access",90.0210822206606,"percent"
"449",51107611804,"tract","Census Tract 6118.04, Loudoun County, Virginia",2019,"perc_have_internet_access",99.3824918270977,"percent"
"450",51683910201,"tract","Census Tract 9102.01, Manassas city, Virginia",2019,"perc_have_internet_access",86.9509043927649,"percent"
"451",51153901222,"tract","Census Tract 9012.22, Prince William County, Virginia",2019,"perc_have_internet_access",96.6507177033493,"percent"
"452",51107610400,"tract","Census Tract 6104, Loudoun County, Virginia",2019,"perc_have_internet_access",94.0522512506948,"percent"
"453",51059451400,"tract","Census Tract 4514, Fairfax County, Virginia",2019,"perc_have_internet_access",71.342512908778,"percent"
"454",51059452301,"tract","Census Tract 4523.01, Fairfax County, Virginia",2019,"perc_have_internet_access",87.1687587168759,"percent"
"455",51059491000,"tract","Census Tract 4910, Fairfax County, Virginia",2019,"perc_have_internet_access",96.695652173913,"percent"
"456",51059420300,"tract","Census Tract 4203, Fairfax County, Virginia",2019,"perc_have_internet_access",95.7446808510638,"percent"
"457",51059451501,"tract","Census Tract 4515.01, Fairfax County, Virginia",2019,"perc_have_internet_access",86.9947275922671,"percent"
"458",51059481104,"tract","Census Tract 4811.04, Fairfax County, Virginia",2019,"perc_have_internet_access",97.4471830985916,"percent"
"459",51107611801,"tract","Census Tract 6118.01, Loudoun County, Virginia",2019,"perc_have_internet_access",95.3140916808149,"percent"
"460",51107611025,"tract","Census Tract 6110.25, Loudoun County, Virginia",2019,"perc_have_internet_access",100,"percent"
"461",51059450300,"tract","Census Tract 4503, Fairfax County, Virginia",2019,"perc_have_internet_access",93.9804772234273,"percent"
"462",51059482501,"tract","Census Tract 4825.01, Fairfax County, Virginia",2019,"perc_have_internet_access",97.6657561460144,"percent"
"463",51059491801,"tract","Census Tract 4918.01, Fairfax County, Virginia",2019,"perc_have_internet_access",99.1635687732342,"percent"
"464",51059452400,"tract","Census Tract 4524, Fairfax County, Virginia",2019,"perc_have_internet_access",96.9195402298851,"percent"
"465",51107611024,"tract","Census Tract 6110.24, Loudoun County, Virginia",2019,"perc_have_internet_access",100,"percent"
"466",51059481900,"tract","Census Tract 4819, Fairfax County, Virginia",2019,"perc_have_internet_access",95.9092930191196,"percent"
"467",51059422301,"tract","Census Tract 4223.01, Fairfax County, Virginia",2019,"perc_have_internet_access",93.2728647014361,"percent"
"468",51153901219,"tract","Census Tract 9012.19, Prince William County, Virginia",2019,"perc_have_internet_access",99.5436394751854,"percent"
"469",51510200703,"tract","Census Tract 2007.03, Alexandria city, Virginia",2019,"perc_have_internet_access",93.200468933177,"percent"
"470",51059460702,"tract","Census Tract 4607.02, Fairfax County, Virginia",2019,"perc_have_internet_access",95.6521739130435,"percent"
"471",51059491302,"tract","Census Tract 4913.02, Fairfax County, Virginia",2019,"perc_have_internet_access",97.6,"percent"
"472",51153900905,"tract","Census Tract 9009.05, Prince William County, Virginia",2019,"perc_have_internet_access",91.8318318318318,"percent"
"473",51059450900,"tract","Census Tract 4509, Fairfax County, Virginia",2019,"perc_have_internet_access",100,"percent"
"474",51510200701,"tract","Census Tract 2007.01, Alexandria city, Virginia",2019,"perc_have_internet_access",97.3493975903614,"percent"
"475",51107611023,"tract","Census Tract 6110.23, Loudoun County, Virginia",2019,"perc_have_internet_access",98.8770353733857,"percent"
"476",51059432300,"tract","Census Tract 4323, Fairfax County, Virginia",2019,"perc_have_internet_access",98.1536628945801,"percent"
"477",51107611204,"tract","Census Tract 6112.04, Loudoun County, Virginia",2019,"perc_have_internet_access",94.1281138790036,"percent"
"478",51059432702,"tract","Census Tract 4327.02, Fairfax County, Virginia",2019,"perc_have_internet_access",99.4992846924177,"percent"
"479",51013101703,"tract","Census Tract 1017.03, Arlington County, Virginia",2019,"perc_have_internet_access",96.2304409672831,"percent"
"480",51013100500,"tract","Census Tract 1005, Arlington County, Virginia",2019,"perc_have_internet_access",97.7066988533494,"percent"
"481",51153901008,"tract","Census Tract 9010.08, Prince William County, Virginia",2019,"perc_have_internet_access",97.5323624595469,"percent"
"482",51153900300,"tract","Census Tract 9003, Prince William County, Virginia",2019,"perc_have_internet_access",98.6620127981384,"percent"
"483",51510201500,"tract","Census Tract 2015, Alexandria city, Virginia",2019,"perc_have_internet_access",95.6701030927835,"percent"
"484",51059471303,"tract","Census Tract 4713.03, Fairfax County, Virginia",2019,"perc_have_internet_access",97.3578403216542,"percent"
"485",51059415500,"tract","Census Tract 4155, Fairfax County, Virginia",2019,"perc_have_internet_access",95.4946996466431,"percent"
"486",51510200102,"tract","Census Tract 2001.02, Alexandria city, Virginia",2019,"perc_have_internet_access",96.2640099626401,"percent"
"487",51153901235,"tract","Census Tract 9012.35, Prince William County, Virginia",2019,"perc_have_internet_access",100,"percent"
"488",51059450800,"tract","Census Tract 4508, Fairfax County, Virginia",2019,"perc_have_internet_access",88.7746358183376,"percent"
"489",51059440701,"tract","Census Tract 4407.01, Fairfax County, Virginia",2019,"perc_have_internet_access",96,"percent"
"490",51107610102,"tract","Census Tract 6101.02, Loudoun County, Virginia",2019,"perc_have_internet_access",95.160031225605,"percent"
"491",51153900702,"tract","Census Tract 9007.02, Prince William County, Virginia",2019,"perc_have_internet_access",94.7933884297521,"percent"
"492",51107611803,"tract","Census Tract 6118.03, Loudoun County, Virginia",2019,"perc_have_internet_access",98.772704958272,"percent"
"493",51059480401,"tract","Census Tract 4804.01, Fairfax County, Virginia",2019,"perc_have_internet_access",97.9457079970653,"percent"
"494",51059490103,"tract","Census Tract 4901.03, Fairfax County, Virginia",2019,"perc_have_internet_access",95.2691680261011,"percent"
"495",51510200104,"tract","Census Tract 2001.04, Alexandria city, Virginia",2019,"perc_have_internet_access",94.1020543406229,"percent"
"496",51153901001,"tract","Census Tract 9010.01, Prince William County, Virginia",2019,"perc_have_internet_access",89.0901432181971,"percent"
"497",51059421701,"tract","Census Tract 4217.01, Fairfax County, Virginia",2019,"perc_have_internet_access",88.1392045454545,"percent"
"498",51610500300,"tract","Census Tract 5003, Falls Church city, Virginia",2019,"perc_have_internet_access",97.3139339675434,"percent"
"499",51153901306,"tract","Census Tract 9013.06, Prince William County, Virginia",2019,"perc_have_internet_access",96.0910151691949,"percent"
"500",51013102200,"tract","Census Tract 1022, Arlington County, Virginia",2019,"perc_have_internet_access",74.8536209553159,"percent"
"501",51510201300,"tract","Census Tract 2013, Alexandria city, Virginia",2019,"perc_have_internet_access",97.9988228369629,"percent"
"502",51600,"county","Fairfax city, Virginia",2019,"perc_have_internet_access",97.3067506121021,"percent"
"503",51153901226,"tract","Census Tract 9012.26, Prince William County, Virginia",2019,"perc_have_internet_access",97.879177377892,"percent"
"504",51153901511,"tract","Census Tract 9015.11, Prince William County, Virginia",2019,"perc_have_internet_access",99.468438538206,"percent"
"505",51013101701,"tract","Census Tract 1017.01, Arlington County, Virginia",2019,"perc_have_internet_access",96.2583694367861,"percent"
"506",51059432402,"tract","Census Tract 4324.02, Fairfax County, Virginia",2019,"perc_have_internet_access",100,"percent"
"507",51683910402,"tract","Census Tract 9104.02, Manassas city, Virginia",2019,"perc_have_internet_access",96.6504592112372,"percent"
"508",51059482202,"tract","Census Tract 4822.02, Fairfax County, Virginia",2019,"perc_have_internet_access",96.1768770152004,"percent"
"509",51153900701,"tract","Census Tract 9007.01, Prince William County, Virginia",2019,"perc_have_internet_access",99.6662958843159,"percent"
"510",51153901403,"tract","Census Tract 9014.03, Prince William County, Virginia",2019,"perc_have_internet_access",86.6611774392754,"percent"
"511",51107610603,"tract","Census Tract 6106.03, Loudoun County, Virginia",2019,"perc_have_internet_access",93.9193654990086,"percent"
"512",51153901211,"tract","Census Tract 9012.11, Prince William County, Virginia",2019,"perc_have_internet_access",91.2018853102906,"percent"
"513",51510201202,"tract","Census Tract 2012.02, Alexandria city, Virginia",2019,"perc_have_internet_access",96.4769647696477,"percent"
"514",51153901510,"tract","Census Tract 9015.10, Prince William County, Virginia",2019,"perc_have_internet_access",99.6606334841629,"percent"
"515",51059452200,"tract","Census Tract 4522, Fairfax County, Virginia",2019,"perc_have_internet_access",85.8736059479554,"percent"
"516",51107611205,"tract","Census Tract 6112.05, Loudoun County, Virginia",2019,"perc_have_internet_access",96.2793360045793,"percent"
"517",51153,"county","Prince William County, Virginia",2019,"perc_have_internet_access",95.9669014084507,"percent"
"518",51107611010,"tract","Census Tract 6110.10, Loudoun County, Virginia",2019,"perc_have_internet_access",95.2846975088968,"percent"
"519",51059480903,"tract","Census Tract 4809.03, Fairfax County, Virginia",2019,"perc_have_internet_access",92.3956931359354,"percent"
"520",51059460300,"tract","Census Tract 4603, Fairfax County, Virginia",2019,"perc_have_internet_access",98.9473684210526,"percent"
"521",51107610506,"tract","Census Tract 6105.06, Loudoun County, Virginia",2019,"perc_have_internet_access",99.0088680229525,"percent"
"522",51059451200,"tract","Census Tract 4512, Fairfax County, Virginia",2019,"perc_have_internet_access",96.545768566494,"percent"
